{"cameraMode":{"drawMode":0,"name":"Shaded","section":"Shading Mode"},"sceneLighting":false,"audioPlay":false,"sceneViewState":{"m_AlwaysRefresh":false,"showFog":false,"showSkybox":false,"showFlares":false,"showImageEffects":false,"showParticleSystems":false,"showVisualEffectGraphs":true,"m_FxEnabled":true},"in2DMode":false,"pivot":{"x":-0.12662112712860108,"y":0.8151659369468689,"z":0.008906692266464234},"rotation":{"x":0.12733182311058045,"y":0.8133518099784851,"z":-0.1941412091255188,"w":0.533446192741394},"size":1.4086825847625733,"orthographic":false}